{"quality": [26, 28, 30, 32, 34, 36, 38, 40, 45, 48], "top1": [0.75598, 0.7517, 0.74616, 0.73686, 0.72524, 0.70774, 0.68252, 0.65246, 0.52722, 0.41564], "top5": [0.9264, 0.92488, 0.92136, 0.91652, 0.91084, 0.89982, 0.88512, 0.86392, 0.7675, 0.657], "bpp": [1.8960293080357145, 1.5605533003826524, 1.260103306760203, 1.0108619674744868, 0.809568584183673, 0.6335203475765285, 0.491556179846939, 0.3808976753826529, 0.19039835140306047, 0.12277970663265282]}