{"quality": [26, 28, 30, 32, 34, 36, 38, 40, 45, 48], "top1": [0.75562, 0.7514, 0.74532, 0.7365, 0.72582, 0.70782, 0.68414, 0.6523, 0.52714, 0.41406], "top5": [0.92552, 0.92428, 0.92146, 0.91602, 0.91064, 0.9001, 0.88584, 0.86592, 0.76904, 0.65628], "bpp": [1.9019913360969367, 1.565708590561228, 1.2644969451530623, 1.0143918494897957, 0.812398144132654, 0.6357382174744899, 0.49328011798469396, 0.3821950382653065, 0.19146199936224476, 0.12387017857142824]}