{"quality": [26, 28, 30, 32, 34, 36, 38, 40, 45, 48], "top1": [0.74956, 0.74348, 0.73494, 0.722, 0.70466, 0.6817, 0.6502, 0.61214, 0.46192, 0.34052], "top5": [0.92348, 0.92008, 0.91596, 0.90856, 0.89928, 0.8848, 0.86582, 0.83742, 0.7031, 0.57042], "bpp": [1.6820328029336722, 1.370087920918368, 1.097790127551019, 0.8708261128826534, 0.6843717091836738, 0.5278173469387757, 0.40287465242346887, 0.30511394132653, 0.14717900510204052, 0.0943117442602042]}