{"quality": [26, 28, 30, 32, 34, 36, 38, 40, 45, 48], "top1": [0.75006, 0.74422, 0.73506, 0.72118, 0.70496, 0.68178, 0.64974, 0.6114, 0.459, 0.33726], "top5": [0.92392, 0.91984, 0.91586, 0.90874, 0.8989, 0.88442, 0.86354, 0.83656, 0.7037, 0.56844], "bpp": [1.6844724617346891, 1.372274339923471, 1.0996278762755147, 0.872196119260205, 0.6852854942602046, 0.5282482174744905, 0.4029022480867354, 0.30484937499999964, 0.1466201721938774, 0.09372680165816315]}