{"quality": [26, 28, 30, 32, 34, 36, 38, 40, 45, 50], "top1": [0.75332, 0.75086, 0.74502, 0.73518, 0.7244, 0.70818, 0.68692, 0.65518, 0.52974, 0.32936], "top5": [0.92576, 0.92322, 0.92126, 0.91526, 0.90926, 0.9002, 0.88546, 0.86552, 0.77044, 0.55936], "bpp": [1.8966258035714243, 1.561381466836737, 1.260887152423471, 1.0115305357142876, 0.8099806568877541, 0.63361236607143, 0.4914271301020401, 0.38052897959183657, 0.18967987563775518, 0.0910806345663269]}