{"quality": [26, 28, 30, 32, 34, 36, 38, 40, 45, 48], "top1": [0.75592, 0.75178, 0.74614, 0.73686, 0.7252, 0.70784, 0.6825, 0.6525, 0.52734, 0.41558], "top5": [0.92644, 0.92486, 0.92132, 0.9165, 0.91078, 0.89976, 0.88514, 0.86398, 0.76752, 0.6569], "bpp": [1.8960293080357145, 1.5605533003826524, 1.260103306760203, 1.0108619674744868, 0.809568584183673, 0.6335203475765285, 0.491556179846939, 0.3808976753826529, 0.19039835140306047, 0.12277970663265282]}