{
    "top1": [
        0.75202,
        0.7458,
        0.73514,
        0.72978,
        0.7151,
        0.70568,
        0.67924
    ],
    "top5": [
        0.9238,
        0.92064,
        0.9151,
        0.91136,
        0.9038,
        0.89522,
        0.8789
    ],
    "bpp": [
        1.1589425446428565,
        0.7170189891581632,
        0.43482269451530653,
        0.3153308035714287,
        0.22508735969387783,
        0.1397144610969387,
        0.09294307716836736
    ],
    "checkpoint": [
        "lmb0.08.pt",
        "lmb0.16.pt",
        "lmb0.32.pt",
        "lmb0.64.pt",
        "lmb1.28.pt",
        "lmb2.56.pt",
        "lmb5.12.pt"
    ]
}