{
    "top1": [
        0.75046,
        0.74896,
        0.735,
        0.7294,
        0.71388,
        0.69996,
        0.69282,
        0.67278
    ],
    "top5": [
        0.92334,
        0.92128,
        0.91356,
        0.91076,
        0.90232,
        0.894,
        0.8874,
        0.87628
    ],
    "bpp": [
        1.199703083545919,
        0.7294778061224491,
        0.4442582397959185,
        0.31953060905612257,
        0.21316020727040824,
        0.17660967474489822,
        0.1122213966836734,
        0.09463748405612249
    ],
    "checkpoint": [
        "lmb0.08.pt",
        "lmb0.16.pt",
        "lmb0.32.pt",
        "lmb0.64.pt",
        "lmb1.28.pt",
        "lmb1.92.pt",
        "lmb3.84.pt",
        "lmb5.12.pt"
    ]
}