{
    "top1": [
        0.7406,
        0.73486,
        0.7284,
        0.71482,
        0.7135,
        0.68396,
        0.65162
    ],
    "top5": [
        0.91772,
        0.91458,
        0.91106,
        0.90122,
        0.90106,
        0.88188,
        0.86238
    ],
    "bpp": [
        1.4607008832908155,
        0.8589690911989795,
        0.5968776052295915,
        0.40497778380102056,
        0.2720206473214287,
        0.18024049426020408,
        0.11330544005102042
    ],
    "checkpoint": [
        "lmb0.08.pt",
        "lmb0.16.pt",
        "lmb0.32.pt",
        "lmb0.64.pt",
        "lmb1.28.pt",
        "lmb2.56.pt",
        "lmb5.12.pt"
    ]
}