{
    "top1": [
        0.74914,
        0.74622,
        0.74078,
        0.7384,
        0.7306,
        0.7068,
        0.67814,
        0.63954,
        0.61984
    ],
    "top5": [
        0.92256,
        0.9194,
        0.91724,
        0.91578,
        0.91138,
        0.8987,
        0.8788,
        0.85236,
        0.83722
    ],
    "bpp": [
        1.8163542315051018,
        1.2616434343112233,
        0.7907716677295914,
        0.5871308067602045,
        0.43523673788265305,
        0.2855423724489799,
        0.1807215752551021,
        0.1395472098214285,
        0.1140203029336734
    ],
    "checkpoint": [
        "lmb0.06.pt",
        "lmb0.08.pt",
        "lmb0.16.pt",
        "lmb0.32.pt",
        "lmb0.64.pt",
        "lmb1.28.pt",
        "lmb2.56.pt",
        "lmb3.84.pt",
        "lmb5.12.pt"
    ]
}