{
    "top1": [
        0.74474,
        0.73176,
        0.73346,
        0.70762,
        0.699,
        0.66646,
        0.6452,
        0.55248,
        0.45006
    ],
    "top5": [
        0.92052,
        0.91268,
        0.91402,
        0.8978,
        0.8922,
        0.86864,
        0.85394,
        0.78952,
        0.7002
    ],
    "bpp": [
        1.7548827742346933,
        1.150867630739796,
        0.8072481951530612,
        0.5653842442602044,
        0.4088195599489795,
        0.26026321428571425,
        0.21773422831632647,
        0.1680306600765305,
        0.12970599808673464
    ],
    "checkpoint": [
        "lmb0.08.pt",
        "lmb0.16.pt",
        "lmb0.32.pt",
        "lmb0.64.pt",
        "lmb1.28.pt",
        "lmb2.56.pt",
        "lmb3.84.pt",
        "lmb5.12.pt",
        "lmb7.68.pt"
    ]
}