{
    "top1": [
        0.74142,
        0.73678,
        0.72396,
        0.72128,
        0.71144,
        0.69644,
        0.65464
    ],
    "top5": [
        0.91866,
        0.9168,
        0.907,
        0.90536,
        0.90128,
        0.89174,
        0.86212
    ],
    "bpp": [
        1.3220311702806125,
        0.8253963966836734,
        0.5521824170918362,
        0.4057401913265308,
        0.2877193590561225,
        0.18786156568877552,
        0.1133125956632653
    ],
    "checkpoint": [
        "lmb0.08.pt",
        "lmb0.16.pt",
        "lmb0.32.pt",
        "lmb0.64.pt",
        "lmb1.28.pt",
        "lmb2.56.pt",
        "lmb5.12.pt"
    ]
}