{"quality": [1, 2, 3, 4, 5, 6, 7, 8], "top1": [0.39842, 0.48454, 0.55478, 0.62074, 0.66498, 0.68948, 0.70974, 0.72566], "top5": [0.64704, 0.73006, 0.79318, 0.84324, 0.87496, 0.88996, 0.90186, 0.91104], "bpp": [0.11812510960578919, 0.1712737207198143, 0.24584981391906738, 0.34348969131469725, 0.47385681849479677, 0.6302939968299865, 0.8408566180610657, 1.1284143542671203]}