{"quality": [1, 2, 3, 4, 5, 6, 7, 8], "top1": [0.4042, 0.4972, 0.57852, 0.64142, 0.6869, 0.71532, 0.7371, 0.7502], "top5": [0.64852, 0.74262, 0.8134, 0.86116, 0.88974, 0.90624, 0.91782, 0.92308], "bpp": [0.14721388823986054, 0.21931240211009978, 0.32559199348926543, 0.4827441032552719, 0.6950612151145935, 1.030377812356949, 1.450543770236969, 1.9786391837882995]}