{"quality": [1, 2, 3, 4, 5, 6, 7, 8], "top1": [0.4708, 0.56032, 0.63012, 0.68164, 0.71942, 0.73904, 0.7514, 0.7598], "top5": [0.71322, 0.79848, 0.85318, 0.88712, 0.90902, 0.91828, 0.9245, 0.92894], "bpp": [0.15651748197317122, 0.2388407788681984, 0.3546944114923477, 0.5183514056730271, 0.7187306315040588, 1.024560534954071, 1.3849496724700927, 1.8082837708473205]}