{"quality": [1, 8, 16, 24, 32, 48, 64, 80, 86, 92], "top1": [0.41594, 0.54768, 0.61346, 0.65008, 0.67406, 0.70266, 0.72038, 0.73924, 0.74786, 0.75304], "top5": [0.66112, 0.7845, 0.83544, 0.86356, 0.87946, 0.89818, 0.90804, 0.91876, 0.92288, 0.92612], "bpp": [0.2973631823979589, 0.4872570248724489, 0.6404644355867342, 0.7817593271683686, 0.9018513169642849, 1.1125380963010196, 1.323106138392859, 1.720709065688778, 2.16589068558673, 2.6710597385204053]}