{"quality": [1, 8, 16, 24, 32, 48, 64, 80, 86, 92], "top1": [0.4564, 0.55112, 0.60334, 0.63676, 0.66428, 0.69648, 0.71588, 0.73706, 0.7475, 0.75308], "top5": [0.70736, 0.78826, 0.8309, 0.85774, 0.87564, 0.8946, 0.90598, 0.9175, 0.92264, 0.9268], "bpp": [0.23096530293367346, 0.3485754528061224, 0.4443932684948977, 0.5334663169642853, 0.6241196014030618, 0.799303561862244, 0.9755280452806125, 1.358763861607144, 1.757978995535713, 2.4478880899234676]}