{"quality": [1, 8, 16, 24, 32, 48, 64, 80, 86, 92], "top1": [0.46684, 0.56376, 0.61346, 0.64882, 0.67382, 0.70544, 0.72136, 0.73954, 0.74842, 0.7532], "top5": [0.71488, 0.79796, 0.84058, 0.8654, 0.88134, 0.89868, 0.90864, 0.91918, 0.92382, 0.92658], "bpp": [0.24115781887755147, 0.36983622448979586, 0.4750042251275499, 0.5722053029336754, 0.6698872735969374, 0.8549763105867338, 1.0366682684948976, 1.4264971651785687, 1.8248059406887804, 2.515345188137753]}