{"quality": [1, 8, 16, 24, 32, 48, 64, 80, 86, 92], "top1": [0.41678, 0.54808, 0.61318, 0.65042, 0.67538, 0.70348, 0.72116, 0.73906, 0.74796, 0.7529], "top5": [0.66128, 0.7856, 0.83654, 0.86356, 0.8793, 0.8969, 0.90784, 0.91892, 0.92308, 0.92604], "bpp": [0.27877790816326536, 0.4588875988520418, 0.6031467506377545, 0.7357147799744882, 0.8479587149234699, 1.0452261766581654, 1.242828376913267, 1.6191594292091847, 2.0334503794642806, 2.5668974043367347]}