{"quality": [1, 8, 16, 24, 32, 48, 64, 80, 86, 92], "top1": [0.4668, 0.56378, 0.61334, 0.64886, 0.67384, 0.7054, 0.72138, 0.73964, 0.74834, 0.75306], "top5": [0.71494, 0.79794, 0.84052, 0.86536, 0.88138, 0.89868, 0.90864, 0.91918, 0.92386, 0.92656], "bpp": [0.2411578188775507, 0.36983622448979636, 0.4750042251275508, 0.5722053029336733, 0.669887273596938, 0.854976310586735, 1.036668268494898, 1.4264971651785725, 1.8248059406887724, 2.5153451881377538]}