{"quality": [1, 8, 16, 24, 32, 48, 64, 80, 86, 92], "top1": [0.45, 0.55438, 0.61452, 0.64814, 0.67386, 0.70296, 0.72044, 0.73866, 0.74818, 0.75354], "top5": [0.69528, 0.79244, 0.83734, 0.86406, 0.88082, 0.89842, 0.90836, 0.91848, 0.9233, 0.92628], "bpp": [0.2637624457908154, 0.40765108418367424, 0.5183501817602044, 0.6171864062499989, 0.7150385618622422, 0.8995502264030617, 1.0808731281887705, 1.4686068526785725, 1.8608924840561238, 2.5257322544642853]}