{"quality": [1, 8, 16, 24, 32, 48, 64, 80, 86, 92], "top1": [0.46018, 0.55486, 0.60716, 0.64012, 0.66654, 0.69806, 0.7169, 0.7371, 0.74698, 0.75302], "top5": [0.70786, 0.79142, 0.83478, 0.85942, 0.87586, 0.89618, 0.90578, 0.91788, 0.92264, 0.92572], "bpp": [0.24044334821428637, 0.36367087053571423, 0.4636980963010194, 0.5557986830357148, 0.6487605963010188, 0.8266960172193871, 1.0037813679846934, 1.3871227774234731, 1.7819048947704093, 2.4663314126275475]}