{"quality": [1, 8, 16, 24, 32, 48, 64, 80, 86, 92], "top1": [0.46564, 0.56122, 0.61348, 0.6493, 0.67364, 0.70416, 0.721, 0.73906, 0.74906, 0.7533], "top5": [0.71252, 0.79964, 0.83808, 0.864, 0.88054, 0.89918, 0.9093, 0.91932, 0.92378, 0.9265], "bpp": [0.24050385841836786, 0.3690316900510201, 0.4740698820153064, 0.5711734343112236, 0.668746336096939, 0.8537106090561226, 1.0353057748724501, 1.4249061957908171, 1.8227253730867383, 2.512072503188776]}